DocumentID,CaseName,DocumentType,Date,Summary,RelevanceScore,Keywords
1,Case 1,Regulatory Filing,2019-04-02,An in-depth analysis of intellectual property is provided in this corporate mergers document.,90,"environmental, regulation, compliance"
2,Case 2,Brief,2018-04-13,This filing examines risk management and offers insights into litigation strategy.,79,"employment, discrimination, labor"
3,Case 3,Legal Analysis,2021-01-31,This document discusses environmental regulations with reference to corporate mergers.,66,"privacy, data, security"
4,Case 4,Patent Filing,2020-09-30,An in-depth analysis of environmental regulations is provided in this employment law document.,98,"regulation, policy, update"
5,Case 5,Regulatory Filing,2020-07-03,This document discusses contract law with reference to environmental regulations.,69,"privacy, data, security"
6,Case 6,Settlement Agreement,2019-07-26,A detailed review of risk management with implications for intellectual property is outlined here.,97,"privacy, data, security"
7,Case 7,Probate Filing,2019-02-24,A detailed review of compliance issues with implications for risk management is outlined here.,74,"merger, acquisition, corporate"
8,Case 8,Regulatory Filing,2024-02-12,An in-depth analysis of compliance issues is provided in this privacy concerns document.,71,"privacy, data, security"
9,Case 9,Legal Analysis,2018-12-23,A detailed review of environmental regulations with implications for employment law is outlined here.,62,"contract, damages, breach"
10,Case 10,Patent Filing,2024-08-15,This document discusses intellectual property with reference to compliance issues.,68,"intellectual property, patent, trademark"
11,Case 11,Brief,2022-09-25,An in-depth analysis of employment law is provided in this regulatory changes document.,98,"compliance, legal, advisory"
12,Case 12,Legal Analysis,2018-05-11,A detailed review of contract law with implications for regulatory changes is outlined here.,85,"regulation, policy, update"
13,Case 13,Legal Analysis,2018-05-03,An in-depth analysis of intellectual property is provided in this privacy concerns document.,61,"privacy, data, security"
14,Case 14,Probate Filing,2019-01-19,An in-depth analysis of privacy concerns is provided in this regulatory changes document.,90,"environmental, regulation, compliance"
15,Case 15,Criminal Complaint,2020-06-14,This filing examines risk management and offers insights into litigation strategy.,68,"environmental, regulation, compliance"
16,Case 16,Patent Filing,2020-08-10,A detailed review of risk management with implications for regulatory changes is outlined here.,61,"risk, management, assessment"
17,Case 17,Contract,2023-09-01,A detailed review of regulatory changes with implications for privacy concerns is outlined here.,58,"litigation, trial, evidence"
18,Case 18,Legal Analysis,2024-10-01,An in-depth analysis of privacy concerns is provided in this corporate mergers document.,56,"contract, damages, breach"
19,Case 19,Criminal Complaint,2018-04-19,An in-depth analysis of corporate mergers is provided in this regulatory changes document.,77,"contract, damages, breach"
20,Case 20,Contract,2024-04-17,A detailed review of environmental regulations with implications for corporate mergers is outlined here.,63,"merger, acquisition, corporate"
21,Case 21,Patent Filing,2020-03-25,A detailed review of intellectual property with implications for corporate mergers is outlined here.,80,"privacy, data, security"
22,Case 22,Court Opinion,2024-02-11,An in-depth analysis of corporate mergers is provided in this litigation strategy document.,68,"risk, management, assessment"
23,Case 23,Settlement Agreement,2022-09-15,The case involves regulatory changes and addresses key issues such as intellectual property.,96,"privacy, data, security"
24,Case 24,Criminal Complaint,2020-06-21,An in-depth analysis of employment law is provided in this environmental regulations document.,65,"merger, acquisition, corporate"
25,Case 25,Memorandum,2023-01-14,A detailed review of employment law with implications for environmental regulations is outlined here.,54,"regulation, policy, update"
26,Case 26,Court Opinion,2024-08-10,This document discusses compliance issues with reference to litigation strategy.,84,"contract, damages, breach"
27,Case 27,Settlement Agreement,2021-02-13,This filing examines privacy concerns and offers insights into compliance issues.,61,"intellectual property, patent, trademark"
28,Case 28,Probate Filing,2018-01-27,This document discusses environmental regulations with reference to compliance issues.,74,"compliance, legal, advisory"
29,Case 29,Regulatory Filing,2019-10-16,A detailed review of risk management with implications for contract law is outlined here.,70,"employment, discrimination, labor"
30,Case 30,Brief,2022-09-28,This filing examines compliance issues and offers insights into privacy concerns.,85,"merger, acquisition, corporate"
31,Case 31,Memorandum,2021-10-25,This document discusses litigation strategy with reference to corporate mergers.,72,"litigation, trial, evidence"
32,Case 32,Probate Filing,2021-02-12,A detailed review of compliance issues with implications for regulatory changes is outlined here.,65,"compliance, legal, advisory"
33,Case 33,Patent Filing,2019-09-29,This filing examines risk management and offers insights into environmental regulations.,88,"litigation, trial, evidence"
34,Case 34,Probate Filing,2020-05-31,A detailed review of environmental regulations with implications for corporate mergers is outlined here.,94,"contract, damages, breach"
35,Case 35,Regulatory Filing,2021-10-10,A detailed review of privacy concerns with implications for contract law is outlined here.,91,"compliance, legal, advisory"
36,Case 36,Patent Filing,2019-02-23,A detailed review of litigation strategy with implications for compliance issues is outlined here.,88,"contract, damages, breach"
37,Case 37,Memorandum,2019-01-15,An in-depth analysis of privacy concerns is provided in this employment law document.,63,"risk, management, assessment"
38,Case 38,Regulatory Filing,2022-04-06,This filing examines regulatory changes and offers insights into contract law.,80,"regulation, policy, update"
39,Case 39,Contract,2019-02-01,A detailed review of risk management with implications for contract law is outlined here.,54,"environmental, regulation, compliance"
40,Case 40,Brief,2022-01-10,This document discusses compliance issues with reference to employment law.,84,"litigation, trial, evidence"
41,Case 41,Memorandum,2021-11-09,A detailed review of employment law with implications for contract law is outlined here.,72,"regulation, policy, update"
42,Case 42,Contract,2024-10-08,The case involves compliance issues and addresses key issues such as litigation strategy.,78,"merger, acquisition, corporate"
43,Case 43,Settlement Agreement,2020-12-19,An in-depth analysis of privacy concerns is provided in this litigation strategy document.,92,"intellectual property, patent, trademark"
44,Case 44,Memorandum,2018-06-27,The case involves compliance issues and addresses key issues such as corporate mergers.,60,"compliance, legal, advisory"
45,Case 45,Settlement Agreement,2023-02-25,A detailed review of corporate mergers with implications for intellectual property is outlined here.,67,"regulation, policy, update"
46,Case 46,Patent Filing,2024-01-06,A detailed review of contract law with implications for regulatory changes is outlined here.,96,"privacy, data, security"
47,Case 47,Contract,2019-05-27,This document discusses litigation strategy with reference to environmental regulations.,61,"regulation, policy, update"
48,Case 48,Brief,2022-03-31,This document discusses contract law with reference to environmental regulations.,58,"merger, acquisition, corporate"
49,Case 49,Regulatory Filing,2018-11-19,An in-depth analysis of contract law is provided in this risk management document.,59,"risk, management, assessment"
50,Case 50,Legal Analysis,2024-03-11,An in-depth analysis of environmental regulations is provided in this employment law document.,93,"risk, management, assessment"
51,Case 51,Probate Filing,2021-04-15,A detailed review of intellectual property with implications for risk management is outlined here.,66,"intellectual property, patent, trademark"
52,Case 52,Court Opinion,2024-12-08,An in-depth analysis of privacy concerns is provided in this corporate mergers document.,87,"employment, discrimination, labor"
53,Case 53,Brief,2022-01-21,The case involves employment law and addresses key issues such as risk management.,56,"intellectual property, patent, trademark"
54,Case 54,Contract,2024-06-22,This filing examines intellectual property and offers insights into employment law.,95,"compliance, legal, advisory"
55,Case 55,Legal Analysis,2020-02-27,The case involves intellectual property and addresses key issues such as risk management.,62,"litigation, trial, evidence"
56,Case 56,Brief,2018-10-12,This document discusses corporate mergers with reference to risk management.,89,"litigation, trial, evidence"
57,Case 57,Contract,2018-07-07,A detailed review of compliance issues with implications for environmental regulations is outlined here.,91,"regulation, policy, update"
58,Case 58,Criminal Complaint,2020-07-22,This document discusses risk management with reference to environmental regulations.,58,"litigation, trial, evidence"
59,Case 59,Criminal Complaint,2021-03-31,This document discusses corporate mergers with reference to risk management.,99,"employment, discrimination, labor"
60,Case 60,Settlement Agreement,2018-11-23,This document discusses risk management with reference to contract law.,76,"environmental, regulation, compliance"
61,Case 61,Brief,2020-08-11,The case involves regulatory changes and addresses key issues such as compliance issues.,51,"risk, management, assessment"
62,Case 62,Criminal Complaint,2019-02-18,The case involves intellectual property and addresses key issues such as regulatory changes.,54,"regulation, policy, update"
63,Case 63,Contract,2022-04-06,The case involves contract law and addresses key issues such as compliance issues.,78,"compliance, legal, advisory"
64,Case 64,Settlement Agreement,2021-02-12,A detailed review of intellectual property with implications for compliance issues is outlined here.,86,"regulation, policy, update"
65,Case 65,Contract,2023-02-01,The case involves privacy concerns and addresses key issues such as employment law.,87,"contract, damages, breach"
66,Case 66,Settlement Agreement,2022-02-03,A detailed review of employment law with implications for regulatory changes is outlined here.,68,"contract, damages, breach"
67,Case 67,Brief,2019-10-29,The case involves risk management and addresses key issues such as regulatory changes.,57,"contract, damages, breach"
68,Case 68,Legal Analysis,2022-02-25,A detailed review of privacy concerns with implications for compliance issues is outlined here.,97,"employment, discrimination, labor"
69,Case 69,Regulatory Filing,2021-12-26,This filing examines corporate mergers and offers insights into litigation strategy.,94,"litigation, trial, evidence"
70,Case 70,Memorandum,2020-05-08,An in-depth analysis of intellectual property is provided in this corporate mergers document.,50,"privacy, data, security"
71,Case 71,Legal Analysis,2020-12-29,A detailed review of environmental regulations with implications for privacy concerns is outlined here.,71,"regulation, policy, update"
72,Case 72,Patent Filing,2018-10-20,This filing examines risk management and offers insights into compliance issues.,66,"privacy, data, security"
73,Case 73,Contract,2024-10-31,The case involves contract law and addresses key issues such as privacy concerns.,56,"employment, discrimination, labor"
74,Case 74,Patent Filing,2019-12-02,The case involves employment law and addresses key issues such as privacy concerns.,74,"risk, management, assessment"
75,Case 75,Legal Analysis,2023-12-28,An in-depth analysis of litigation strategy is provided in this corporate mergers document.,94,"regulation, policy, update"
76,Case 76,Settlement Agreement,2020-09-29,The case involves corporate mergers and addresses key issues such as risk management.,53,"employment, discrimination, labor"
77,Case 77,Memorandum,2019-11-01,The case involves regulatory changes and addresses key issues such as contract law.,85,"litigation, trial, evidence"
78,Case 78,Memorandum,2023-03-09,This filing examines environmental regulations and offers insights into intellectual property.,55,"risk, management, assessment"
79,Case 79,Court Opinion,2022-04-04,An in-depth analysis of compliance issues is provided in this privacy concerns document.,80,"litigation, trial, evidence"
80,Case 80,Memorandum,2021-01-10,This filing examines environmental regulations and offers insights into privacy concerns.,68,"employment, discrimination, labor"
81,Case 81,Regulatory Filing,2024-03-31,A detailed review of privacy concerns with implications for contract law is outlined here.,93,"compliance, legal, advisory"
82,Case 82,Memorandum,2020-06-18,This document discusses corporate mergers with reference to environmental regulations.,88,"risk, management, assessment"
83,Case 83,Legal Analysis,2021-08-21,A detailed review of environmental regulations with implications for corporate mergers is outlined here.,76,"merger, acquisition, corporate"
84,Case 84,Court Opinion,2018-08-18,This filing examines litigation strategy and offers insights into privacy concerns.,59,"risk, management, assessment"
85,Case 85,Legal Analysis,2020-07-27,This filing examines regulatory changes and offers insights into litigation strategy.,75,"litigation, trial, evidence"
86,Case 86,Legal Analysis,2018-05-12,A detailed review of regulatory changes with implications for litigation strategy is outlined here.,68,"regulation, policy, update"
87,Case 87,Probate Filing,2021-07-16,The case involves privacy concerns and addresses key issues such as corporate mergers.,88,"regulation, policy, update"
88,Case 88,Court Opinion,2022-07-02,The case involves corporate mergers and addresses key issues such as environmental regulations.,52,"regulation, policy, update"
89,Case 89,Legal Analysis,2021-01-01,This document discusses environmental regulations with reference to litigation strategy.,94,"privacy, data, security"
90,Case 90,Probate Filing,2018-09-29,This document discusses regulatory changes with reference to employment law.,62,"risk, management, assessment"
91,Case 91,Probate Filing,2020-05-14,An in-depth analysis of environmental regulations is provided in this privacy concerns document.,99,"merger, acquisition, corporate"
92,Case 92,Court Opinion,2024-05-12,The case involves risk management and addresses key issues such as regulatory changes.,77,"privacy, data, security"
93,Case 93,Patent Filing,2021-07-12,This filing examines corporate mergers and offers insights into intellectual property.,69,"contract, damages, breach"
94,Case 94,Settlement Agreement,2020-05-20,An in-depth analysis of corporate mergers is provided in this environmental regulations document.,77,"litigation, trial, evidence"
95,Case 95,Regulatory Filing,2023-08-07,The case involves employment law and addresses key issues such as corporate mergers.,57,"litigation, trial, evidence"
96,Case 96,Settlement Agreement,2022-06-09,This document discusses regulatory changes with reference to employment law.,90,"intellectual property, patent, trademark"
97,Case 97,Memorandum,2023-02-23,The case involves contract law and addresses key issues such as regulatory changes.,88,"compliance, legal, advisory"
98,Case 98,Regulatory Filing,2019-08-09,The case involves employment law and addresses key issues such as privacy concerns.,50,"risk, management, assessment"
99,Case 99,Memorandum,2020-12-20,This document discusses contract law with reference to risk management.,52,"merger, acquisition, corporate"
100,Case 100,Legal Analysis,2019-07-26,The case involves privacy concerns and addresses key issues such as litigation strategy.,62,"contract, damages, breach"
101,Case 101,Contract,2020-10-07,An in-depth analysis of contract law is provided in this corporate mergers document.,77,"risk, management, assessment"
102,Case 102,Court Opinion,2024-04-18,A detailed review of intellectual property with implications for compliance issues is outlined here.,98,"privacy, data, security"
103,Case 103,Regulatory Filing,2024-01-17,A detailed review of intellectual property with implications for risk management is outlined here.,74,"merger, acquisition, corporate"
104,Case 104,Regulatory Filing,2020-12-12,This document discusses employment law with reference to risk management.,82,"risk, management, assessment"
105,Case 105,Legal Analysis,2024-07-22,The case involves intellectual property and addresses key issues such as environmental regulations.,87,"risk, management, assessment"
106,Case 106,Patent Filing,2022-10-21,This document discusses regulatory changes with reference to compliance issues.,55,"environmental, regulation, compliance"
107,Case 107,Probate Filing,2024-07-18,This filing examines risk management and offers insights into environmental regulations.,93,"contract, damages, breach"
108,Case 108,Legal Analysis,2022-06-24,This filing examines compliance issues and offers insights into privacy concerns.,94,"risk, management, assessment"
109,Case 109,Criminal Complaint,2022-01-22,A detailed review of corporate mergers with implications for risk management is outlined here.,81,"privacy, data, security"
110,Case 110,Probate Filing,2020-06-17,A detailed review of corporate mergers with implications for risk management is outlined here.,94,"employment, discrimination, labor"
111,Case 111,Court Opinion,2019-07-21,This filing examines contract law and offers insights into risk management.,96,"regulation, policy, update"
112,Case 112,Probate Filing,2023-09-19,This document discusses environmental regulations with reference to corporate mergers.,70,"risk, management, assessment"
113,Case 113,Patent Filing,2023-07-15,This document discusses employment law with reference to environmental regulations.,65,"compliance, legal, advisory"
114,Case 114,Probate Filing,2019-01-08,An in-depth analysis of regulatory changes is provided in this intellectual property document.,70,"employment, discrimination, labor"
115,Case 115,Court Opinion,2018-07-12,An in-depth analysis of contract law is provided in this compliance issues document.,60,"environmental, regulation, compliance"
116,Case 116,Patent Filing,2019-03-26,A detailed review of risk management with implications for privacy concerns is outlined here.,86,"contract, damages, breach"
117,Case 117,Settlement Agreement,2019-09-19,The case involves contract law and addresses key issues such as environmental regulations.,85,"risk, management, assessment"
118,Case 118,Regulatory Filing,2019-10-18,The case involves corporate mergers and addresses key issues such as privacy concerns.,84,"intellectual property, patent, trademark"
119,Case 119,Regulatory Filing,2022-09-26,This document discusses environmental regulations with reference to corporate mergers.,68,"environmental, regulation, compliance"
120,Case 120,Memorandum,2024-09-08,This filing examines environmental regulations and offers insights into compliance issues.,69,"contract, damages, breach"
121,Case 121,Settlement Agreement,2018-09-18,This document discusses regulatory changes with reference to environmental regulations.,67,"privacy, data, security"
122,Case 122,Settlement Agreement,2022-04-26,An in-depth analysis of corporate mergers is provided in this employment law document.,96,"litigation, trial, evidence"
123,Case 123,Probate Filing,2022-04-13,This document discusses contract law with reference to employment law.,90,"compliance, legal, advisory"
124,Case 124,Regulatory Filing,2024-09-06,The case involves risk management and addresses key issues such as corporate mergers.,98,"employment, discrimination, labor"
125,Case 125,Court Opinion,2023-04-02,A detailed review of intellectual property with implications for privacy concerns is outlined here.,63,"compliance, legal, advisory"
126,Case 126,Brief,2023-12-08,The case involves compliance issues and addresses key issues such as corporate mergers.,64,"environmental, regulation, compliance"
127,Case 127,Brief,2020-10-26,This filing examines regulatory changes and offers insights into privacy concerns.,80,"compliance, legal, advisory"
128,Case 128,Patent Filing,2024-03-16,A detailed review of intellectual property with implications for risk management is outlined here.,50,"regulation, policy, update"
129,Case 129,Regulatory Filing,2018-02-17,This document discusses compliance issues with reference to litigation strategy.,52,"risk, management, assessment"
130,Case 130,Regulatory Filing,2019-04-15,This filing examines corporate mergers and offers insights into contract law.,65,"privacy, data, security"
131,Case 131,Brief,2024-01-09,This document discusses environmental regulations with reference to risk management.,72,"contract, damages, breach"
132,Case 132,Regulatory Filing,2020-12-28,This filing examines contract law and offers insights into corporate mergers.,60,"employment, discrimination, labor"
133,Case 133,Probate Filing,2021-10-25,This filing examines contract law and offers insights into employment law.,61,"regulation, policy, update"
134,Case 134,Criminal Complaint,2019-04-02,A detailed review of regulatory changes with implications for privacy concerns is outlined here.,59,"environmental, regulation, compliance"
135,Case 135,Contract,2021-04-17,The case involves employment law and addresses key issues such as risk management.,81,"regulation, policy, update"
136,Case 136,Settlement Agreement,2022-11-16,A detailed review of privacy concerns with implications for intellectual property is outlined here.,65,"litigation, trial, evidence"
137,Case 137,Memorandum,2019-10-10,A detailed review of litigation strategy with implications for compliance issues is outlined here.,57,"privacy, data, security"
138,Case 138,Patent Filing,2023-02-02,The case involves litigation strategy and addresses key issues such as intellectual property.,87,"regulation, policy, update"
139,Case 139,Criminal Complaint,2018-01-14,An in-depth analysis of litigation strategy is provided in this compliance issues document.,61,"compliance, legal, advisory"
140,Case 140,Brief,2020-12-14,A detailed review of corporate mergers with implications for compliance issues is outlined here.,73,"litigation, trial, evidence"
141,Case 141,Settlement Agreement,2023-08-13,This filing examines contract law and offers insights into privacy concerns.,77,"employment, discrimination, labor"
142,Case 142,Regulatory Filing,2020-01-02,This document discusses litigation strategy with reference to corporate mergers.,57,"privacy, data, security"
143,Case 143,Memorandum,2023-09-11,The case involves intellectual property and addresses key issues such as compliance issues.,77,"regulation, policy, update"
144,Case 144,Regulatory Filing,2019-03-12,This filing examines contract law and offers insights into regulatory changes.,85,"litigation, trial, evidence"
145,Case 145,Court Opinion,2021-05-07,A detailed review of compliance issues with implications for contract law is outlined here.,75,"regulation, policy, update"
146,Case 146,Court Opinion,2023-09-11,An in-depth analysis of regulatory changes is provided in this litigation strategy document.,57,"litigation, trial, evidence"
147,Case 147,Memorandum,2024-10-30,This filing examines privacy concerns and offers insights into contract law.,99,"merger, acquisition, corporate"
148,Case 148,Memorandum,2020-03-25,An in-depth analysis of corporate mergers is provided in this regulatory changes document.,77,"risk, management, assessment"
149,Case 149,Brief,2019-09-19,An in-depth analysis of corporate mergers is provided in this privacy concerns document.,77,"privacy, data, security"
150,Case 150,Memorandum,2022-03-12,A detailed review of intellectual property with implications for contract law is outlined here.,86,"environmental, regulation, compliance"
151,Case 151,Probate Filing,2019-10-24,This filing examines environmental regulations and offers insights into employment law.,90,"environmental, regulation, compliance"
152,Case 152,Regulatory Filing,2024-01-19,The case involves regulatory changes and addresses key issues such as contract law.,85,"merger, acquisition, corporate"
153,Case 153,Criminal Complaint,2023-12-13,This filing examines compliance issues and offers insights into intellectual property.,76,"regulation, policy, update"
154,Case 154,Legal Analysis,2018-01-03,An in-depth analysis of intellectual property is provided in this privacy concerns document.,66,"merger, acquisition, corporate"
155,Case 155,Memorandum,2024-09-19,This document discusses employment law with reference to privacy concerns.,58,"environmental, regulation, compliance"
156,Case 156,Patent Filing,2021-08-20,The case involves regulatory changes and addresses key issues such as corporate mergers.,82,"merger, acquisition, corporate"
157,Case 157,Court Opinion,2023-06-25,A detailed review of privacy concerns with implications for environmental regulations is outlined here.,69,"merger, acquisition, corporate"
158,Case 158,Probate Filing,2018-03-21,A detailed review of regulatory changes with implications for employment law is outlined here.,62,"environmental, regulation, compliance"
159,Case 159,Settlement Agreement,2019-04-04,A detailed review of environmental regulations with implications for risk management is outlined here.,77,"privacy, data, security"
160,Case 160,Legal Analysis,2022-01-26,This filing examines employment law and offers insights into intellectual property.,97,"litigation, trial, evidence"
161,Case 161,Criminal Complaint,2021-06-13,The case involves compliance issues and addresses key issues such as litigation strategy.,78,"privacy, data, security"
162,Case 162,Legal Analysis,2020-09-07,This filing examines corporate mergers and offers insights into contract law.,62,"litigation, trial, evidence"
163,Case 163,Memorandum,2018-08-26,The case involves corporate mergers and addresses key issues such as risk management.,95,"regulation, policy, update"
164,Case 164,Brief,2020-09-13,This filing examines privacy concerns and offers insights into employment law.,84,"merger, acquisition, corporate"
165,Case 165,Court Opinion,2024-05-12,A detailed review of regulatory changes with implications for privacy concerns is outlined here.,55,"merger, acquisition, corporate"
166,Case 166,Court Opinion,2018-11-19,The case involves litigation strategy and addresses key issues such as regulatory changes.,67,"intellectual property, patent, trademark"
167,Case 167,Settlement Agreement,2018-12-17,This filing examines compliance issues and offers insights into privacy concerns.,100,"risk, management, assessment"
168,Case 168,Brief,2023-06-14,The case involves environmental regulations and addresses key issues such as risk management.,54,"regulation, policy, update"
169,Case 169,Regulatory Filing,2018-10-11,A detailed review of environmental regulations with implications for compliance issues is outlined here.,96,"compliance, legal, advisory"
170,Case 170,Contract,2023-12-22,This document discusses litigation strategy with reference to privacy concerns.,74,"compliance, legal, advisory"
171,Case 171,Probate Filing,2019-05-31,A detailed review of compliance issues with implications for employment law is outlined here.,51,"litigation, trial, evidence"
172,Case 172,Court Opinion,2019-06-10,A detailed review of contract law with implications for employment law is outlined here.,59,"employment, discrimination, labor"
173,Case 173,Patent Filing,2023-05-01,This filing examines risk management and offers insights into litigation strategy.,79,"merger, acquisition, corporate"
174,Case 174,Court Opinion,2024-03-01,This document discusses privacy concerns with reference to intellectual property.,99,"contract, damages, breach"
175,Case 175,Legal Analysis,2019-11-08,This filing examines privacy concerns and offers insights into contract law.,94,"merger, acquisition, corporate"
176,Case 176,Court Opinion,2020-12-21,An in-depth analysis of compliance issues is provided in this employment law document.,54,"intellectual property, patent, trademark"
177,Case 177,Court Opinion,2023-12-02,This document discusses privacy concerns with reference to corporate mergers.,82,"litigation, trial, evidence"
178,Case 178,Contract,2024-10-20,The case involves risk management and addresses key issues such as compliance issues.,50,"privacy, data, security"
179,Case 179,Contract,2022-09-30,This document discusses litigation strategy with reference to regulatory changes.,67,"merger, acquisition, corporate"
180,Case 180,Criminal Complaint,2020-05-17,A detailed review of litigation strategy with implications for privacy concerns is outlined here.,81,"privacy, data, security"
181,Case 181,Regulatory Filing,2024-01-18,This filing examines contract law and offers insights into risk management.,96,"environmental, regulation, compliance"
182,Case 182,Patent Filing,2020-04-03,This document discusses environmental regulations with reference to corporate mergers.,98,"environmental, regulation, compliance"
183,Case 183,Court Opinion,2021-06-30,An in-depth analysis of intellectual property is provided in this compliance issues document.,60,"regulation, policy, update"
184,Case 184,Court Opinion,2022-06-23,This document discusses intellectual property with reference to privacy concerns.,70,"merger, acquisition, corporate"
185,Case 185,Probate Filing,2022-03-10,An in-depth analysis of corporate mergers is provided in this contract law document.,75,"regulation, policy, update"
186,Case 186,Contract,2022-11-30,This document discusses litigation strategy with reference to contract law.,74,"merger, acquisition, corporate"
187,Case 187,Patent Filing,2023-10-21,The case involves litigation strategy and addresses key issues such as compliance issues.,71,"employment, discrimination, labor"
188,Case 188,Settlement Agreement,2023-01-24,An in-depth analysis of environmental regulations is provided in this regulatory changes document.,76,"intellectual property, patent, trademark"
189,Case 189,Criminal Complaint,2019-05-11,A detailed review of risk management with implications for employment law is outlined here.,98,"risk, management, assessment"
190,Case 190,Regulatory Filing,2020-10-12,An in-depth analysis of employment law is provided in this intellectual property document.,62,"risk, management, assessment"
191,Case 191,Brief,2020-07-09,This filing examines compliance issues and offers insights into risk management.,82,"environmental, regulation, compliance"
192,Case 192,Regulatory Filing,2018-09-20,An in-depth analysis of privacy concerns is provided in this risk management document.,83,"environmental, regulation, compliance"
193,Case 193,Legal Analysis,2021-10-16,An in-depth analysis of environmental regulations is provided in this privacy concerns document.,90,"contract, damages, breach"
194,Case 194,Court Opinion,2018-03-28,The case involves privacy concerns and addresses key issues such as corporate mergers.,84,"regulation, policy, update"
195,Case 195,Criminal Complaint,2024-08-06,This document discusses privacy concerns with reference to corporate mergers.,50,"environmental, regulation, compliance"
196,Case 196,Legal Analysis,2024-03-18,This filing examines employment law and offers insights into intellectual property.,70,"environmental, regulation, compliance"
197,Case 197,Patent Filing,2020-07-31,A detailed review of litigation strategy with implications for risk management is outlined here.,97,"contract, damages, breach"
198,Case 198,Brief,2024-08-07,The case involves compliance issues and addresses key issues such as corporate mergers.,55,"intellectual property, patent, trademark"
199,Case 199,Contract,2020-06-21,A detailed review of corporate mergers with implications for environmental regulations is outlined here.,77,"compliance, legal, advisory"
200,Case 200,Criminal Complaint,2018-01-30,A detailed review of privacy concerns with implications for intellectual property is outlined here.,66,"litigation, trial, evidence"
201,Case 201,Criminal Complaint,2018-10-18,An in-depth analysis of compliance issues is provided in this risk management document.,54,"privacy, data, security"
202,Case 202,Court Opinion,2018-08-30,The case involves risk management and addresses key issues such as corporate mergers.,80,"intellectual property, patent, trademark"
203,Case 203,Memorandum,2020-07-26,The case involves contract law and addresses key issues such as compliance issues.,54,"employment, discrimination, labor"
204,Case 204,Criminal Complaint,2018-10-04,The case involves contract law and addresses key issues such as risk management.,87,"contract, damages, breach"
205,Case 205,Probate Filing,2018-05-09,This document discusses risk management with reference to privacy concerns.,52,"regulation, policy, update"
206,Case 206,Brief,2021-09-15,The case involves environmental regulations and addresses key issues such as risk management.,72,"employment, discrimination, labor"
207,Case 207,Brief,2018-10-18,The case involves environmental regulations and addresses key issues such as risk management.,86,"compliance, legal, advisory"
208,Case 208,Probate Filing,2023-10-07,The case involves employment law and addresses key issues such as intellectual property.,86,"privacy, data, security"
209,Case 209,Settlement Agreement,2020-09-01,This document discusses corporate mergers with reference to privacy concerns.,59,"privacy, data, security"
210,Case 210,Probate Filing,2021-02-14,This document discusses risk management with reference to litigation strategy.,59,"environmental, regulation, compliance"
211,Case 211,Probate Filing,2023-06-12,An in-depth analysis of intellectual property is provided in this corporate mergers document.,68,"merger, acquisition, corporate"
212,Case 212,Brief,2020-05-27,The case involves compliance issues and addresses key issues such as employment law.,66,"litigation, trial, evidence"
213,Case 213,Regulatory Filing,2024-01-18,An in-depth analysis of employment law is provided in this regulatory changes document.,70,"merger, acquisition, corporate"
214,Case 214,Brief,2019-06-26,The case involves regulatory changes and addresses key issues such as corporate mergers.,63,"contract, damages, breach"
215,Case 215,Memorandum,2024-05-27,An in-depth analysis of corporate mergers is provided in this privacy concerns document.,58,"intellectual property, patent, trademark"
216,Case 216,Court Opinion,2024-06-18,The case involves litigation strategy and addresses key issues such as intellectual property.,95,"risk, management, assessment"
217,Case 217,Legal Analysis,2023-04-21,A detailed review of intellectual property with implications for employment law is outlined here.,50,"environmental, regulation, compliance"
218,Case 218,Regulatory Filing,2020-09-22,An in-depth analysis of compliance issues is provided in this regulatory changes document.,100,"regulation, policy, update"
219,Case 219,Contract,2023-04-22,The case involves intellectual property and addresses key issues such as compliance issues.,94,"contract, damages, breach"
220,Case 220,Legal Analysis,2022-07-26,This document discusses corporate mergers with reference to regulatory changes.,62,"employment, discrimination, labor"
221,Case 221,Court Opinion,2020-02-19,This document discusses privacy concerns with reference to litigation strategy.,53,"compliance, legal, advisory"
222,Case 222,Memorandum,2019-01-22,The case involves risk management and addresses key issues such as compliance issues.,50,"employment, discrimination, labor"
223,Case 223,Memorandum,2019-02-02,The case involves intellectual property and addresses key issues such as environmental regulations.,98,"contract, damages, breach"
224,Case 224,Contract,2022-11-01,A detailed review of contract law with implications for risk management is outlined here.,89,"compliance, legal, advisory"
225,Case 225,Regulatory Filing,2021-12-22,This filing examines litigation strategy and offers insights into risk management.,81,"privacy, data, security"
226,Case 226,Settlement Agreement,2022-10-01,An in-depth analysis of intellectual property is provided in this privacy concerns document.,83,"employment, discrimination, labor"
227,Case 227,Probate Filing,2022-08-11,The case involves compliance issues and addresses key issues such as intellectual property.,77,"merger, acquisition, corporate"
228,Case 228,Regulatory Filing,2023-03-28,An in-depth analysis of contract law is provided in this corporate mergers document.,80,"contract, damages, breach"
229,Case 229,Settlement Agreement,2018-08-10,A detailed review of intellectual property with implications for environmental regulations is outlined here.,57,"contract, damages, breach"
230,Case 230,Memorandum,2019-02-08,This filing examines employment law and offers insights into compliance issues.,88,"merger, acquisition, corporate"
231,Case 231,Brief,2018-09-06,A detailed review of litigation strategy with implications for regulatory changes is outlined here.,75,"risk, management, assessment"
232,Case 232,Court Opinion,2022-07-08,A detailed review of risk management with implications for employment law is outlined here.,83,"risk, management, assessment"
233,Case 233,Contract,2021-10-21,A detailed review of intellectual property with implications for privacy concerns is outlined here.,52,"intellectual property, patent, trademark"
234,Case 234,Court Opinion,2019-03-24,This filing examines compliance issues and offers insights into corporate mergers.,99,"litigation, trial, evidence"
235,Case 235,Patent Filing,2020-10-15,This document discusses litigation strategy with reference to environmental regulations.,61,"merger, acquisition, corporate"
236,Case 236,Patent Filing,2020-02-24,A detailed review of privacy concerns with implications for environmental regulations is outlined here.,50,"privacy, data, security"
237,Case 237,Regulatory Filing,2020-02-19,The case involves intellectual property and addresses key issues such as litigation strategy.,93,"regulation, policy, update"
238,Case 238,Memorandum,2024-01-06,This filing examines litigation strategy and offers insights into contract law.,54,"regulation, policy, update"
239,Case 239,Memorandum,2023-01-12,A detailed review of corporate mergers with implications for environmental regulations is outlined here.,79,"privacy, data, security"
240,Case 240,Probate Filing,2019-07-29,This document discusses privacy concerns with reference to intellectual property.,79,"employment, discrimination, labor"
241,Case 241,Probate Filing,2022-09-25,An in-depth analysis of risk management is provided in this contract law document.,66,"regulation, policy, update"
242,Case 242,Probate Filing,2020-01-22,This document discusses litigation strategy with reference to environmental regulations.,97,"privacy, data, security"
243,Case 243,Brief,2021-02-14,An in-depth analysis of risk management is provided in this environmental regulations document.,96,"merger, acquisition, corporate"
244,Case 244,Legal Analysis,2023-03-10,This document discusses regulatory changes with reference to environmental regulations.,72,"environmental, regulation, compliance"
245,Case 245,Criminal Complaint,2020-10-20,This filing examines environmental regulations and offers insights into litigation strategy.,64,"intellectual property, patent, trademark"
246,Case 246,Legal Analysis,2018-11-05,An in-depth analysis of risk management is provided in this contract law document.,86,"litigation, trial, evidence"
247,Case 247,Court Opinion,2022-12-21,The case involves employment law and addresses key issues such as regulatory changes.,70,"employment, discrimination, labor"
248,Case 248,Legal Analysis,2024-03-04,The case involves employment law and addresses key issues such as intellectual property.,63,"privacy, data, security"
249,Case 249,Brief,2019-02-06,This document discusses employment law with reference to contract law.,51,"merger, acquisition, corporate"
250,Case 250,Court Opinion,2018-07-27,The case involves environmental regulations and addresses key issues such as risk management.,60,"employment, discrimination, labor"
251,Case 251,Legal Analysis,2024-01-24,The case involves contract law and addresses key issues such as employment law.,100,"contract, damages, breach"
252,Case 252,Brief,2018-03-02,The case involves contract law and addresses key issues such as employment law.,88,"litigation, trial, evidence"
253,Case 253,Criminal Complaint,2019-01-18,A detailed review of regulatory changes with implications for intellectual property is outlined here.,87,"merger, acquisition, corporate"
254,Case 254,Legal Analysis,2020-08-26,This document discusses privacy concerns with reference to litigation strategy.,83,"risk, management, assessment"
255,Case 255,Brief,2019-11-13,This filing examines risk management and offers insights into intellectual property.,87,"environmental, regulation, compliance"
256,Case 256,Probate Filing,2022-07-23,A detailed review of regulatory changes with implications for environmental regulations is outlined here.,99,"employment, discrimination, labor"
257,Case 257,Memorandum,2023-06-13,This filing examines contract law and offers insights into regulatory changes.,83,"risk, management, assessment"
258,Case 258,Probate Filing,2023-05-26,The case involves privacy concerns and addresses key issues such as contract law.,67,"compliance, legal, advisory"
259,Case 259,Memorandum,2020-05-25,This document discusses privacy concerns with reference to compliance issues.,79,"compliance, legal, advisory"
260,Case 260,Contract,2022-07-01,A detailed review of intellectual property with implications for privacy concerns is outlined here.,64,"regulation, policy, update"
261,Case 261,Contract,2018-08-29,A detailed review of intellectual property with implications for litigation strategy is outlined here.,76,"litigation, trial, evidence"
262,Case 262,Contract,2019-11-06,This filing examines employment law and offers insights into intellectual property.,100,"intellectual property, patent, trademark"
263,Case 263,Criminal Complaint,2022-04-02,An in-depth analysis of corporate mergers is provided in this risk management document.,83,"compliance, legal, advisory"
264,Case 264,Probate Filing,2018-01-09,This filing examines regulatory changes and offers insights into litigation strategy.,87,"intellectual property, patent, trademark"
265,Case 265,Memorandum,2022-05-19,A detailed review of risk management with implications for regulatory changes is outlined here.,82,"employment, discrimination, labor"
266,Case 266,Brief,2020-12-22,The case involves privacy concerns and addresses key issues such as regulatory changes.,73,"employment, discrimination, labor"
267,Case 267,Court Opinion,2023-02-07,This filing examines compliance issues and offers insights into intellectual property.,64,"privacy, data, security"
268,Case 268,Brief,2021-03-14,This document discusses regulatory changes with reference to environmental regulations.,79,"litigation, trial, evidence"
269,Case 269,Court Opinion,2022-09-29,A detailed review of privacy concerns with implications for environmental regulations is outlined here.,91,"environmental, regulation, compliance"
270,Case 270,Patent Filing,2024-03-26,A detailed review of litigation strategy with implications for privacy concerns is outlined here.,100,"contract, damages, breach"
271,Case 271,Brief,2023-06-17,A detailed review of compliance issues with implications for intellectual property is outlined here.,66,"merger, acquisition, corporate"
272,Case 272,Legal Analysis,2019-09-27,The case involves compliance issues and addresses key issues such as litigation strategy.,54,"compliance, legal, advisory"
273,Case 273,Legal Analysis,2020-02-17,The case involves litigation strategy and addresses key issues such as employment law.,78,"environmental, regulation, compliance"
274,Case 274,Regulatory Filing,2021-04-30,A detailed review of intellectual property with implications for compliance issues is outlined here.,53,"privacy, data, security"
275,Case 275,Probate Filing,2020-06-10,This document discusses litigation strategy with reference to employment law.,59,"merger, acquisition, corporate"
276,Case 276,Court Opinion,2018-08-28,This filing examines contract law and offers insights into risk management.,66,"litigation, trial, evidence"
277,Case 277,Court Opinion,2024-06-30,This filing examines regulatory changes and offers insights into litigation strategy.,59,"merger, acquisition, corporate"
278,Case 278,Probate Filing,2024-01-30,This document discusses compliance issues with reference to litigation strategy.,66,"risk, management, assessment"
279,Case 279,Criminal Complaint,2018-09-07,A detailed review of contract law with implications for corporate mergers is outlined here.,69,"risk, management, assessment"
280,Case 280,Regulatory Filing,2021-07-08,This filing examines corporate mergers and offers insights into litigation strategy.,73,"contract, damages, breach"
281,Case 281,Criminal Complaint,2018-08-23,This document discusses risk management with reference to regulatory changes.,54,"merger, acquisition, corporate"
282,Case 282,Criminal Complaint,2018-07-25,An in-depth analysis of employment law is provided in this privacy concerns document.,83,"litigation, trial, evidence"
283,Case 283,Criminal Complaint,2024-07-20,An in-depth analysis of intellectual property is provided in this litigation strategy document.,55,"environmental, regulation, compliance"
284,Case 284,Probate Filing,2023-05-07,This filing examines litigation strategy and offers insights into intellectual property.,51,"contract, damages, breach"
285,Case 285,Criminal Complaint,2023-08-22,The case involves risk management and addresses key issues such as environmental regulations.,62,"intellectual property, patent, trademark"
286,Case 286,Legal Analysis,2023-12-16,A detailed review of regulatory changes with implications for risk management is outlined here.,92,"privacy, data, security"
287,Case 287,Contract,2019-10-07,This filing examines regulatory changes and offers insights into contract law.,92,"merger, acquisition, corporate"
288,Case 288,Patent Filing,2018-08-21,This filing examines corporate mergers and offers insights into contract law.,97,"employment, discrimination, labor"
289,Case 289,Court Opinion,2023-09-12,An in-depth analysis of corporate mergers is provided in this litigation strategy document.,60,"compliance, legal, advisory"
290,Case 290,Court Opinion,2018-11-25,The case involves contract law and addresses key issues such as employment law.,100,"regulation, policy, update"
291,Case 291,Patent Filing,2020-02-01,An in-depth analysis of risk management is provided in this compliance issues document.,96,"merger, acquisition, corporate"
292,Case 292,Probate Filing,2018-10-08,This document discusses employment law with reference to contract law.,72,"intellectual property, patent, trademark"
293,Case 293,Brief,2024-09-03,This document discusses regulatory changes with reference to environmental regulations.,65,"merger, acquisition, corporate"
294,Case 294,Probate Filing,2018-10-06,A detailed review of compliance issues with implications for privacy concerns is outlined here.,80,"litigation, trial, evidence"
295,Case 295,Court Opinion,2020-08-21,The case involves employment law and addresses key issues such as litigation strategy.,60,"risk, management, assessment"
296,Case 296,Court Opinion,2022-07-12,The case involves litigation strategy and addresses key issues such as risk management.,65,"environmental, regulation, compliance"
297,Case 297,Patent Filing,2019-05-07,This filing examines intellectual property and offers insights into contract law.,57,"environmental, regulation, compliance"
298,Case 298,Criminal Complaint,2024-05-22,An in-depth analysis of employment law is provided in this risk management document.,53,"employment, discrimination, labor"
299,Case 299,Probate Filing,2020-10-05,This document discusses intellectual property with reference to corporate mergers.,89,"privacy, data, security"
300,Case 300,Memorandum,2024-06-29,A detailed review of compliance issues with implications for privacy concerns is outlined here.,53,"employment, discrimination, labor"
301,Case 301,Patent Filing,2024-09-01,This filing examines privacy concerns and offers insights into compliance issues.,74,"privacy, data, security"
302,Case 302,Legal Analysis,2018-06-12,The case involves environmental regulations and addresses key issues such as regulatory changes.,52,"risk, management, assessment"
303,Case 303,Court Opinion,2024-12-11,This document discusses litigation strategy with reference to compliance issues.,81,"litigation, trial, evidence"
304,Case 304,Patent Filing,2018-12-02,This document discusses corporate mergers with reference to risk management.,52,"compliance, legal, advisory"
305,Case 305,Probate Filing,2022-09-14,A detailed review of regulatory changes with implications for corporate mergers is outlined here.,76,"regulation, policy, update"
306,Case 306,Court Opinion,2024-07-18,This document discusses environmental regulations with reference to compliance issues.,78,"privacy, data, security"
307,Case 307,Brief,2024-05-04,This filing examines contract law and offers insights into environmental regulations.,81,"regulation, policy, update"
308,Case 308,Patent Filing,2023-11-12,The case involves environmental regulations and addresses key issues such as employment law.,99,"environmental, regulation, compliance"
309,Case 309,Regulatory Filing,2021-07-19,The case involves corporate mergers and addresses key issues such as litigation strategy.,100,"environmental, regulation, compliance"
310,Case 310,Court Opinion,2020-12-04,This document discusses contract law with reference to privacy concerns.,68,"risk, management, assessment"
311,Case 311,Probate Filing,2020-04-16,A detailed review of employment law with implications for compliance issues is outlined here.,70,"intellectual property, patent, trademark"
312,Case 312,Contract,2021-07-10,This filing examines environmental regulations and offers insights into regulatory changes.,54,"regulation, policy, update"
313,Case 313,Memorandum,2020-09-04,This filing examines litigation strategy and offers insights into intellectual property.,67,"privacy, data, security"
314,Case 314,Settlement Agreement,2020-12-23,A detailed review of contract law with implications for compliance issues is outlined here.,77,"regulation, policy, update"
315,Case 315,Criminal Complaint,2022-06-10,This document discusses privacy concerns with reference to intellectual property.,91,"litigation, trial, evidence"
316,Case 316,Settlement Agreement,2019-06-21,The case involves risk management and addresses key issues such as compliance issues.,71,"intellectual property, patent, trademark"
317,Case 317,Probate Filing,2021-05-13,This filing examines compliance issues and offers insights into corporate mergers.,70,"risk, management, assessment"
318,Case 318,Legal Analysis,2023-02-16,This document discusses compliance issues with reference to contract law.,55,"intellectual property, patent, trademark"
319,Case 319,Legal Analysis,2021-07-19,The case involves employment law and addresses key issues such as risk management.,50,"contract, damages, breach"
320,Case 320,Contract,2018-10-25,A detailed review of litigation strategy with implications for intellectual property is outlined here.,54,"regulation, policy, update"
321,Case 321,Criminal Complaint,2018-02-08,A detailed review of intellectual property with implications for environmental regulations is outlined here.,90,"regulation, policy, update"
322,Case 322,Regulatory Filing,2023-02-21,A detailed review of risk management with implications for compliance issues is outlined here.,61,"environmental, regulation, compliance"
323,Case 323,Contract,2024-12-19,This filing examines intellectual property and offers insights into compliance issues.,75,"risk, management, assessment"
324,Case 324,Settlement Agreement,2024-04-25,The case involves litigation strategy and addresses key issues such as environmental regulations.,95,"regulation, policy, update"
325,Case 325,Contract,2019-02-14,The case involves employment law and addresses key issues such as intellectual property.,83,"employment, discrimination, labor"
326,Case 326,Settlement Agreement,2018-10-28,This filing examines intellectual property and offers insights into regulatory changes.,98,"employment, discrimination, labor"
327,Case 327,Court Opinion,2024-01-12,This filing examines environmental regulations and offers insights into litigation strategy.,63,"litigation, trial, evidence"
328,Case 328,Legal Analysis,2020-05-23,The case involves employment law and addresses key issues such as environmental regulations.,75,"regulation, policy, update"
329,Case 329,Court Opinion,2023-09-04,This document discusses employment law with reference to corporate mergers.,94,"privacy, data, security"
330,Case 330,Memorandum,2020-12-22,An in-depth analysis of employment law is provided in this risk management document.,76,"intellectual property, patent, trademark"
331,Case 331,Criminal Complaint,2019-06-27,An in-depth analysis of intellectual property is provided in this employment law document.,58,"environmental, regulation, compliance"
332,Case 332,Regulatory Filing,2021-11-30,A detailed review of privacy concerns with implications for risk management is outlined here.,75,"risk, management, assessment"
333,Case 333,Settlement Agreement,2018-10-09,This filing examines privacy concerns and offers insights into risk management.,96,"privacy, data, security"
334,Case 334,Regulatory Filing,2020-09-27,This filing examines litigation strategy and offers insights into employment law.,71,"intellectual property, patent, trademark"
335,Case 335,Settlement Agreement,2022-02-22,A detailed review of intellectual property with implications for privacy concerns is outlined here.,96,"regulation, policy, update"
336,Case 336,Probate Filing,2021-03-13,A detailed review of corporate mergers with implications for risk management is outlined here.,79,"privacy, data, security"
337,Case 337,Contract,2019-10-09,This document discusses litigation strategy with reference to regulatory changes.,92,"contract, damages, breach"
338,Case 338,Memorandum,2022-11-30,This document discusses corporate mergers with reference to privacy concerns.,97,"privacy, data, security"
339,Case 339,Legal Analysis,2024-02-04,A detailed review of contract law with implications for litigation strategy is outlined here.,66,"employment, discrimination, labor"
340,Case 340,Settlement Agreement,2021-05-24,The case involves intellectual property and addresses key issues such as risk management.,75,"regulation, policy, update"
341,Case 341,Regulatory Filing,2024-11-10,This filing examines regulatory changes and offers insights into compliance issues.,85,"compliance, legal, advisory"
342,Case 342,Memorandum,2023-12-07,A detailed review of risk management with implications for regulatory changes is outlined here.,50,"privacy, data, security"
343,Case 343,Brief,2018-02-02,This document discusses privacy concerns with reference to risk management.,57,"risk, management, assessment"
344,Case 344,Brief,2024-03-21,An in-depth analysis of litigation strategy is provided in this risk management document.,98,"contract, damages, breach"
345,Case 345,Court Opinion,2021-05-11,A detailed review of regulatory changes with implications for employment law is outlined here.,84,"regulation, policy, update"
346,Case 346,Legal Analysis,2019-03-01,This document discusses privacy concerns with reference to intellectual property.,64,"privacy, data, security"
347,Case 347,Probate Filing,2019-07-05,The case involves intellectual property and addresses key issues such as regulatory changes.,96,"merger, acquisition, corporate"
348,Case 348,Regulatory Filing,2020-12-19,An in-depth analysis of contract law is provided in this environmental regulations document.,71,"contract, damages, breach"
349,Case 349,Contract,2019-04-18,A detailed review of privacy concerns with implications for regulatory changes is outlined here.,63,"compliance, legal, advisory"
350,Case 350,Contract,2019-03-15,This filing examines risk management and offers insights into employment law.,75,"merger, acquisition, corporate"
351,Case 351,Regulatory Filing,2024-03-16,The case involves litigation strategy and addresses key issues such as corporate mergers.,77,"contract, damages, breach"
352,Case 352,Criminal Complaint,2019-09-29,A detailed review of compliance issues with implications for litigation strategy is outlined here.,72,"environmental, regulation, compliance"
353,Case 353,Probate Filing,2021-01-20,This filing examines contract law and offers insights into litigation strategy.,63,"risk, management, assessment"
354,Case 354,Memorandum,2021-02-28,This document discusses litigation strategy with reference to intellectual property.,73,"intellectual property, patent, trademark"
355,Case 355,Settlement Agreement,2024-10-13,This filing examines compliance issues and offers insights into corporate mergers.,51,"contract, damages, breach"
356,Case 356,Criminal Complaint,2020-05-12,The case involves risk management and addresses key issues such as employment law.,94,"compliance, legal, advisory"
357,Case 357,Settlement Agreement,2021-11-05,The case involves intellectual property and addresses key issues such as risk management.,75,"litigation, trial, evidence"
358,Case 358,Settlement Agreement,2020-04-13,An in-depth analysis of litigation strategy is provided in this corporate mergers document.,63,"intellectual property, patent, trademark"
359,Case 359,Criminal Complaint,2020-12-17,A detailed review of employment law with implications for risk management is outlined here.,100,"regulation, policy, update"
360,Case 360,Court Opinion,2023-09-02,This document discusses corporate mergers with reference to regulatory changes.,56,"contract, damages, breach"
361,Case 361,Brief,2023-06-25,A detailed review of litigation strategy with implications for employment law is outlined here.,52,"intellectual property, patent, trademark"
362,Case 362,Settlement Agreement,2020-10-25,This filing examines intellectual property and offers insights into compliance issues.,96,"privacy, data, security"
363,Case 363,Criminal Complaint,2018-07-28,This filing examines litigation strategy and offers insights into contract law.,72,"contract, damages, breach"
364,Case 364,Criminal Complaint,2019-01-14,The case involves corporate mergers and addresses key issues such as employment law.,95,"merger, acquisition, corporate"
365,Case 365,Patent Filing,2022-10-01,An in-depth analysis of litigation strategy is provided in this privacy concerns document.,92,"compliance, legal, advisory"
366,Case 366,Court Opinion,2021-02-07,An in-depth analysis of environmental regulations is provided in this employment law document.,96,"employment, discrimination, labor"
367,Case 367,Legal Analysis,2018-06-30,An in-depth analysis of intellectual property is provided in this corporate mergers document.,94,"employment, discrimination, labor"
368,Case 368,Patent Filing,2018-01-15,This document discusses regulatory changes with reference to contract law.,67,"compliance, legal, advisory"
369,Case 369,Patent Filing,2021-09-28,The case involves risk management and addresses key issues such as employment law.,87,"litigation, trial, evidence"
370,Case 370,Regulatory Filing,2019-06-20,This filing examines compliance issues and offers insights into employment law.,84,"compliance, legal, advisory"
371,Case 371,Brief,2020-12-08,An in-depth analysis of employment law is provided in this risk management document.,100,"privacy, data, security"
372,Case 372,Criminal Complaint,2019-10-24,An in-depth analysis of privacy concerns is provided in this contract law document.,64,"compliance, legal, advisory"
373,Case 373,Brief,2022-12-15,A detailed review of litigation strategy with implications for environmental regulations is outlined here.,74,"compliance, legal, advisory"
374,Case 374,Probate Filing,2024-03-09,A detailed review of risk management with implications for corporate mergers is outlined here.,86,"intellectual property, patent, trademark"
375,Case 375,Regulatory Filing,2022-10-18,A detailed review of environmental regulations with implications for regulatory changes is outlined here.,77,"regulation, policy, update"
376,Case 376,Legal Analysis,2024-04-16,An in-depth analysis of corporate mergers is provided in this privacy concerns document.,59,"employment, discrimination, labor"
377,Case 377,Brief,2018-02-09,An in-depth analysis of litigation strategy is provided in this risk management document.,88,"litigation, trial, evidence"
378,Case 378,Contract,2019-04-04,A detailed review of privacy concerns with implications for corporate mergers is outlined here.,66,"intellectual property, patent, trademark"
379,Case 379,Settlement Agreement,2018-11-05,A detailed review of regulatory changes with implications for compliance issues is outlined here.,88,"employment, discrimination, labor"
380,Case 380,Probate Filing,2019-09-03,An in-depth analysis of environmental regulations is provided in this risk management document.,71,"regulation, policy, update"
381,Case 381,Court Opinion,2024-02-13,An in-depth analysis of corporate mergers is provided in this contract law document.,75,"compliance, legal, advisory"
382,Case 382,Legal Analysis,2018-05-28,A detailed review of litigation strategy with implications for regulatory changes is outlined here.,93,"regulation, policy, update"
383,Case 383,Probate Filing,2022-02-21,This document discusses regulatory changes with reference to intellectual property.,74,"employment, discrimination, labor"
384,Case 384,Settlement Agreement,2024-07-13,The case involves intellectual property and addresses key issues such as employment law.,66,"environmental, regulation, compliance"
385,Case 385,Regulatory Filing,2024-03-13,The case involves privacy concerns and addresses key issues such as regulatory changes.,62,"contract, damages, breach"
386,Case 386,Settlement Agreement,2019-08-30,An in-depth analysis of compliance issues is provided in this intellectual property document.,69,"contract, damages, breach"
387,Case 387,Patent Filing,2022-10-27,An in-depth analysis of privacy concerns is provided in this litigation strategy document.,74,"merger, acquisition, corporate"
388,Case 388,Settlement Agreement,2019-06-07,This document discusses compliance issues with reference to contract law.,53,"privacy, data, security"
389,Case 389,Patent Filing,2018-06-21,A detailed review of regulatory changes with implications for litigation strategy is outlined here.,59,"regulation, policy, update"
390,Case 390,Regulatory Filing,2021-06-16,An in-depth analysis of compliance issues is provided in this intellectual property document.,52,"compliance, legal, advisory"
391,Case 391,Memorandum,2022-02-02,The case involves environmental regulations and addresses key issues such as contract law.,90,"regulation, policy, update"
392,Case 392,Patent Filing,2018-06-13,The case involves intellectual property and addresses key issues such as litigation strategy.,94,"compliance, legal, advisory"
393,Case 393,Court Opinion,2022-01-05,An in-depth analysis of employment law is provided in this contract law document.,67,"environmental, regulation, compliance"
394,Case 394,Settlement Agreement,2020-05-10,The case involves privacy concerns and addresses key issues such as employment law.,96,"environmental, regulation, compliance"
395,Case 395,Settlement Agreement,2020-10-19,A detailed review of privacy concerns with implications for risk management is outlined here.,85,"privacy, data, security"
396,Case 396,Court Opinion,2019-02-26,This document discusses intellectual property with reference to contract law.,96,"litigation, trial, evidence"
397,Case 397,Contract,2021-12-19,The case involves environmental regulations and addresses key issues such as employment law.,71,"employment, discrimination, labor"
398,Case 398,Criminal Complaint,2024-04-12,This filing examines risk management and offers insights into regulatory changes.,83,"merger, acquisition, corporate"
399,Case 399,Memorandum,2022-07-23,A detailed review of intellectual property with implications for corporate mergers is outlined here.,96,"environmental, regulation, compliance"
400,Case 400,Legal Analysis,2024-12-17,An in-depth analysis of corporate mergers is provided in this intellectual property document.,57,"intellectual property, patent, trademark"
401,Case 401,Patent Filing,2019-09-26,This document discusses environmental regulations with reference to compliance issues.,89,"contract, damages, breach"
402,Case 402,Court Opinion,2020-08-27,This filing examines privacy concerns and offers insights into intellectual property.,98,"compliance, legal, advisory"
403,Case 403,Regulatory Filing,2019-10-28,This document discusses privacy concerns with reference to risk management.,93,"risk, management, assessment"
404,Case 404,Patent Filing,2019-12-27,This filing examines contract law and offers insights into regulatory changes.,68,"contract, damages, breach"
405,Case 405,Criminal Complaint,2022-08-16,This filing examines environmental regulations and offers insights into employment law.,91,"environmental, regulation, compliance"
406,Case 406,Regulatory Filing,2018-04-12,The case involves compliance issues and addresses key issues such as contract law.,90,"environmental, regulation, compliance"
407,Case 407,Probate Filing,2020-01-05,This filing examines litigation strategy and offers insights into environmental regulations.,86,"intellectual property, patent, trademark"
408,Case 408,Settlement Agreement,2021-09-22,This filing examines compliance issues and offers insights into employment law.,55,"intellectual property, patent, trademark"
409,Case 409,Probate Filing,2022-08-14,This document discusses regulatory changes with reference to litigation strategy.,75,"risk, management, assessment"
410,Case 410,Patent Filing,2020-10-13,This document discusses regulatory changes with reference to contract law.,83,"contract, damages, breach"
411,Case 411,Criminal Complaint,2020-12-28,A detailed review of privacy concerns with implications for contract law is outlined here.,94,"privacy, data, security"
412,Case 412,Memorandum,2019-10-15,A detailed review of litigation strategy with implications for corporate mergers is outlined here.,55,"risk, management, assessment"
413,Case 413,Patent Filing,2019-03-19,This document discusses litigation strategy with reference to intellectual property.,86,"contract, damages, breach"
414,Case 414,Court Opinion,2022-04-16,The case involves environmental regulations and addresses key issues such as intellectual property.,82,"environmental, regulation, compliance"
415,Case 415,Brief,2018-06-08,This filing examines litigation strategy and offers insights into employment law.,71,"contract, damages, breach"
416,Case 416,Patent Filing,2023-04-12,This document discusses litigation strategy with reference to regulatory changes.,70,"compliance, legal, advisory"
417,Case 417,Settlement Agreement,2020-06-30,The case involves employment law and addresses key issues such as privacy concerns.,55,"privacy, data, security"
418,Case 418,Settlement Agreement,2020-03-28,A detailed review of employment law with implications for intellectual property is outlined here.,55,"environmental, regulation, compliance"
419,Case 419,Patent Filing,2023-03-01,A detailed review of contract law with implications for corporate mergers is outlined here.,97,"regulation, policy, update"
420,Case 420,Regulatory Filing,2021-12-03,An in-depth analysis of contract law is provided in this environmental regulations document.,53,"environmental, regulation, compliance"
421,Case 421,Brief,2021-06-04,This document discusses litigation strategy with reference to corporate mergers.,79,"contract, damages, breach"
422,Case 422,Court Opinion,2020-07-21,This filing examines compliance issues and offers insights into regulatory changes.,60,"employment, discrimination, labor"
423,Case 423,Patent Filing,2020-07-02,A detailed review of corporate mergers with implications for contract law is outlined here.,79,"regulation, policy, update"
424,Case 424,Regulatory Filing,2018-04-07,An in-depth analysis of corporate mergers is provided in this litigation strategy document.,80,"merger, acquisition, corporate"
425,Case 425,Settlement Agreement,2020-03-02,This document discusses litigation strategy with reference to corporate mergers.,73,"environmental, regulation, compliance"
426,Case 426,Settlement Agreement,2022-06-21,This document discusses litigation strategy with reference to compliance issues.,58,"risk, management, assessment"
427,Case 427,Criminal Complaint,2021-09-06,A detailed review of privacy concerns with implications for compliance issues is outlined here.,52,"litigation, trial, evidence"
428,Case 428,Patent Filing,2021-02-15,The case involves employment law and addresses key issues such as privacy concerns.,100,"risk, management, assessment"
429,Case 429,Brief,2018-10-12,A detailed review of litigation strategy with implications for regulatory changes is outlined here.,80,"risk, management, assessment"
430,Case 430,Contract,2021-02-17,The case involves intellectual property and addresses key issues such as compliance issues.,89,"litigation, trial, evidence"
431,Case 431,Brief,2021-12-09,This document discusses compliance issues with reference to risk management.,86,"environmental, regulation, compliance"
432,Case 432,Settlement Agreement,2023-09-18,An in-depth analysis of regulatory changes is provided in this corporate mergers document.,85,"merger, acquisition, corporate"
433,Case 433,Settlement Agreement,2022-06-26,The case involves intellectual property and addresses key issues such as litigation strategy.,73,"employment, discrimination, labor"
434,Case 434,Probate Filing,2024-01-06,The case involves corporate mergers and addresses key issues such as privacy concerns.,80,"regulation, policy, update"
435,Case 435,Settlement Agreement,2021-09-18,This filing examines compliance issues and offers insights into employment law.,55,"environmental, regulation, compliance"
436,Case 436,Court Opinion,2018-04-24,A detailed review of litigation strategy with implications for privacy concerns is outlined here.,51,"compliance, legal, advisory"
437,Case 437,Legal Analysis,2019-04-18,This document discusses litigation strategy with reference to risk management.,69,"merger, acquisition, corporate"
438,Case 438,Patent Filing,2020-12-05,A detailed review of corporate mergers with implications for contract law is outlined here.,77,"merger, acquisition, corporate"
439,Case 439,Brief,2020-01-02,This document discusses compliance issues with reference to litigation strategy.,60,"contract, damages, breach"
440,Case 440,Legal Analysis,2024-07-06,This filing examines employment law and offers insights into contract law.,53,"regulation, policy, update"
441,Case 441,Regulatory Filing,2020-12-23,An in-depth analysis of risk management is provided in this privacy concerns document.,64,"risk, management, assessment"
442,Case 442,Contract,2018-06-06,This document discusses employment law with reference to intellectual property.,55,"employment, discrimination, labor"
443,Case 443,Court Opinion,2019-03-21,An in-depth analysis of litigation strategy is provided in this compliance issues document.,98,"compliance, legal, advisory"
444,Case 444,Brief,2024-09-09,This filing examines contract law and offers insights into risk management.,79,"regulation, policy, update"
445,Case 445,Legal Analysis,2022-11-15,An in-depth analysis of privacy concerns is provided in this litigation strategy document.,87,"privacy, data, security"
446,Case 446,Contract,2021-11-16,The case involves privacy concerns and addresses key issues such as intellectual property.,100,"contract, damages, breach"
447,Case 447,Probate Filing,2021-07-08,This filing examines employment law and offers insights into regulatory changes.,51,"litigation, trial, evidence"
448,Case 448,Court Opinion,2022-11-23,The case involves compliance issues and addresses key issues such as litigation strategy.,64,"compliance, legal, advisory"
449,Case 449,Court Opinion,2024-10-19,The case involves environmental regulations and addresses key issues such as intellectual property.,60,"regulation, policy, update"
450,Case 450,Probate Filing,2023-09-26,This document discusses employment law with reference to privacy concerns.,57,"litigation, trial, evidence"
451,Case 451,Patent Filing,2019-04-19,This filing examines compliance issues and offers insights into regulatory changes.,75,"compliance, legal, advisory"
452,Case 452,Probate Filing,2022-04-27,This document discusses corporate mergers with reference to privacy concerns.,100,"compliance, legal, advisory"
453,Case 453,Court Opinion,2024-06-19,An in-depth analysis of risk management is provided in this corporate mergers document.,94,"employment, discrimination, labor"
454,Case 454,Court Opinion,2020-02-18,A detailed review of environmental regulations with implications for intellectual property is outlined here.,93,"merger, acquisition, corporate"
455,Case 455,Legal Analysis,2020-11-09,An in-depth analysis of intellectual property is provided in this privacy concerns document.,54,"compliance, legal, advisory"
456,Case 456,Settlement Agreement,2018-07-01,An in-depth analysis of privacy concerns is provided in this intellectual property document.,55,"employment, discrimination, labor"
457,Case 457,Contract,2022-11-22,The case involves litigation strategy and addresses key issues such as intellectual property.,75,"regulation, policy, update"
458,Case 458,Probate Filing,2018-01-07,This filing examines regulatory changes and offers insights into corporate mergers.,53,"privacy, data, security"
459,Case 459,Contract,2023-10-31,The case involves employment law and addresses key issues such as litigation strategy.,68,"environmental, regulation, compliance"
460,Case 460,Probate Filing,2024-01-15,This filing examines environmental regulations and offers insights into intellectual property.,69,"environmental, regulation, compliance"
461,Case 461,Regulatory Filing,2020-03-18,An in-depth analysis of employment law is provided in this environmental regulations document.,82,"merger, acquisition, corporate"
462,Case 462,Court Opinion,2022-01-31,A detailed review of contract law with implications for litigation strategy is outlined here.,69,"employment, discrimination, labor"
463,Case 463,Settlement Agreement,2022-11-02,This filing examines risk management and offers insights into litigation strategy.,98,"privacy, data, security"
464,Case 464,Legal Analysis,2018-10-14,A detailed review of regulatory changes with implications for employment law is outlined here.,61,"contract, damages, breach"
465,Case 465,Settlement Agreement,2021-09-14,This filing examines intellectual property and offers insights into corporate mergers.,96,"regulation, policy, update"
466,Case 466,Settlement Agreement,2024-12-27,A detailed review of privacy concerns with implications for regulatory changes is outlined here.,50,"compliance, legal, advisory"
467,Case 467,Settlement Agreement,2021-07-09,A detailed review of compliance issues with implications for risk management is outlined here.,75,"compliance, legal, advisory"
468,Case 468,Contract,2019-05-26,This document discusses employment law with reference to litigation strategy.,63,"regulation, policy, update"
469,Case 469,Probate Filing,2021-05-15,This document discusses privacy concerns with reference to regulatory changes.,87,"regulation, policy, update"
470,Case 470,Memorandum,2023-09-09,The case involves employment law and addresses key issues such as regulatory changes.,86,"employment, discrimination, labor"
471,Case 471,Regulatory Filing,2021-06-20,This filing examines employment law and offers insights into compliance issues.,60,"compliance, legal, advisory"
472,Case 472,Brief,2022-07-31,This filing examines contract law and offers insights into intellectual property.,85,"environmental, regulation, compliance"
473,Case 473,Settlement Agreement,2021-08-29,This filing examines employment law and offers insights into corporate mergers.,62,"merger, acquisition, corporate"
474,Case 474,Patent Filing,2022-07-07,An in-depth analysis of employment law is provided in this litigation strategy document.,92,"environmental, regulation, compliance"
475,Case 475,Contract,2021-04-26,An in-depth analysis of litigation strategy is provided in this regulatory changes document.,52,"litigation, trial, evidence"
476,Case 476,Legal Analysis,2024-03-20,The case involves intellectual property and addresses key issues such as corporate mergers.,82,"intellectual property, patent, trademark"
477,Case 477,Brief,2019-06-06,An in-depth analysis of regulatory changes is provided in this corporate mergers document.,55,"privacy, data, security"
478,Case 478,Memorandum,2020-02-25,An in-depth analysis of corporate mergers is provided in this risk management document.,99,"litigation, trial, evidence"
479,Case 479,Patent Filing,2022-09-19,This filing examines intellectual property and offers insights into regulatory changes.,59,"intellectual property, patent, trademark"
480,Case 480,Memorandum,2022-04-02,An in-depth analysis of risk management is provided in this employment law document.,54,"regulation, policy, update"
481,Case 481,Brief,2019-12-14,An in-depth analysis of risk management is provided in this litigation strategy document.,72,"environmental, regulation, compliance"
482,Case 482,Settlement Agreement,2024-11-26,This filing examines contract law and offers insights into intellectual property.,59,"contract, damages, breach"
483,Case 483,Patent Filing,2024-05-20,This document discusses risk management with reference to corporate mergers.,93,"merger, acquisition, corporate"
484,Case 484,Memorandum,2021-05-17,An in-depth analysis of risk management is provided in this compliance issues document.,51,"compliance, legal, advisory"
485,Case 485,Legal Analysis,2022-07-22,This filing examines contract law and offers insights into privacy concerns.,62,"risk, management, assessment"
486,Case 486,Probate Filing,2024-02-23,This filing examines corporate mergers and offers insights into privacy concerns.,89,"risk, management, assessment"
487,Case 487,Court Opinion,2018-01-02,An in-depth analysis of compliance issues is provided in this corporate mergers document.,51,"contract, damages, breach"
488,Case 488,Probate Filing,2021-05-29,A detailed review of intellectual property with implications for contract law is outlined here.,69,"intellectual property, patent, trademark"
489,Case 489,Brief,2021-03-21,An in-depth analysis of privacy concerns is provided in this compliance issues document.,50,"environmental, regulation, compliance"
490,Case 490,Contract,2020-05-10,A detailed review of privacy concerns with implications for environmental regulations is outlined here.,86,"risk, management, assessment"
491,Case 491,Court Opinion,2022-10-27,The case involves risk management and addresses key issues such as employment law.,58,"regulation, policy, update"
492,Case 492,Regulatory Filing,2024-07-03,The case involves litigation strategy and addresses key issues such as compliance issues.,66,"environmental, regulation, compliance"
493,Case 493,Legal Analysis,2024-10-20,An in-depth analysis of litigation strategy is provided in this regulatory changes document.,58,"privacy, data, security"
494,Case 494,Regulatory Filing,2021-08-12,This filing examines intellectual property and offers insights into litigation strategy.,60,"environmental, regulation, compliance"
495,Case 495,Patent Filing,2023-03-20,An in-depth analysis of privacy concerns is provided in this intellectual property document.,64,"litigation, trial, evidence"
496,Case 496,Court Opinion,2022-12-15,The case involves privacy concerns and addresses key issues such as environmental regulations.,73,"merger, acquisition, corporate"
497,Case 497,Regulatory Filing,2022-12-17,An in-depth analysis of intellectual property is provided in this contract law document.,87,"contract, damages, breach"
498,Case 498,Regulatory Filing,2020-05-25,The case involves compliance issues and addresses key issues such as risk management.,84,"environmental, regulation, compliance"
499,Case 499,Memorandum,2023-09-25,A detailed review of environmental regulations with implications for employment law is outlined here.,79,"environmental, regulation, compliance"
500,Case 500,Probate Filing,2023-04-23,The case involves risk management and addresses key issues such as litigation strategy.,80,"intellectual property, patent, trademark"
